GENERATION_PROJECT,build_year,gen_overnight_cost,gen_fixed_om,gen_storage_energy_overnight_cost
Shanxi-Battery_Storage-11185,2023,352358.8843537797,45899.926989903695,370909.5488105919
Shanxi-Battery_Storage-11185,2028,311783.0811818361,34696.88439255462,269023.0736300871
Shanxi-Battery_Storage-11185,2033,308059.79695730534,30719.748605741726,230182.53681809088
Shanxi-Battery_Storage-11185,2038,296946.37972984696,28236.268854795515,208126.0936154934
Shanxi-Battery_Storage-11185,2043,285304.5177587731,25753.302516170064,186206.8957220073
Shanxi-Battery_Storage-11185,2048,273006.370402368,23270.97379388357,164458.14533824375
Shanxi-Central_PV-510,2023,1424865.35122006,23005.325434267204,.
Shanxi-Central_PV-510,2028,1200942.6652613054,20310.620513747497,.
Shanxi-Central_PV-510,2033,977019.9793025508,17658.82699982262,.
Shanxi-Central_PV-510,2038,845339.4074710312,16175.598804967343,.
Shanxi-Central_PV-510,2043,775153.578391003,15454.2923907291,.
Shanxi-Central_PV-510,2048,704967.749310975,14733.05369693839,.
Shanxi-Central_PV-511,2023,1424865.35122006,23005.325434267204,.
Shanxi-Central_PV-511,2028,1200942.6652613054,20310.620513747497,.
Shanxi-Central_PV-511,2033,977019.9793025508,17658.82699982262,.
Shanxi-Central_PV-511,2038,845339.4074710312,16175.598804967343,.
Shanxi-Central_PV-511,2043,775153.578391003,15454.2923907291,.
Shanxi-Central_PV-511,2048,704967.749310975,14733.05369693839,.
Shanxi-Central_PV-512,2023,1424865.35122006,23005.325434267204,.
Shanxi-Central_PV-512,2028,1200942.6652613054,20310.620513747497,.
Shanxi-Central_PV-512,2033,977019.9793025508,17658.82699982262,.
Shanxi-Central_PV-512,2038,845339.4074710312,16175.598804967343,.
Shanxi-Central_PV-512,2043,775153.578391003,15454.2923907291,.
Shanxi-Central_PV-512,2048,704967.749310975,14733.05369693839,.
Shanxi-Central_PV-513,2023,1424865.35122006,23005.325434267204,.
Shanxi-Central_PV-513,2028,1200942.6652613054,20310.620513747497,.
Shanxi-Central_PV-513,2033,977019.9793025508,17658.82699982262,.
Shanxi-Central_PV-513,2038,845339.4074710312,16175.598804967343,.
Shanxi-Central_PV-513,2043,775153.578391003,15454.2923907291,.
Shanxi-Central_PV-513,2048,704967.749310975,14733.05369693839,.
Shanxi-Central_PV-514,2023,1424865.35122006,23005.325434267204,.
Shanxi-Central_PV-514,2028,1200942.6652613054,20310.620513747497,.
Shanxi-Central_PV-514,2033,977019.9793025508,17658.82699982262,.
Shanxi-Central_PV-514,2038,845339.4074710312,16175.598804967343,.
Shanxi-Central_PV-514,2043,775153.578391003,15454.2923907291,.
Shanxi-Central_PV-514,2048,704967.749310975,14733.05369693839,.
Shanxi-Central_PV_EP-ep-50006,2011,1904280.041180508,38085.6537405628,.
Shanxi-Central_PV_EP-ep-50045,2013,1904280.041180508,38085.6537405628,.
Shanxi-Central_PV_EP-ep-50075,2014,1904280.041180508,38085.6537405628,.
Shanxi-Central_PV_EP-ep-50104,2015,1904280.041180508,38085.6537405628,.
Shanxi-Central_PV_EP-ep-50135,2016,1904280.041180508,38085.6537405628,.
Shanxi-Central_PV_EP-ep-50165,2017,1904280.041180508,38085.6537405628,.
Shanxi-Coal_1000_DRY-11369,2023,776144.8507206588,7121.2989018531225,.
Shanxi-Coal_1000_DRY-11369,2028,776144.8507206588,7121.2989018531225,.
Shanxi-Coal_1000_DRY-11369,2033,776144.8507206588,7121.2989018531225,.
Shanxi-Coal_1000_DRY-11369,2038,776144.8507206588,7121.2989018531225,.
Shanxi-Coal_1000_DRY-11369,2043,776144.8507206588,7121.2989018531225,.
Shanxi-Coal_1000_DRY-11369,2048,776144.8507206588,7121.2989018531225,.
Shanxi-Coal_1000_DRY-11369_H2,2023,10000.0,7121.2989018531225,.
Shanxi-Coal_1000_DRY-11369_H2,2028,10000.0,7121.2989018531225,.
Shanxi-Coal_1000_DRY-11369_H2,2033,10000.0,7121.2989018531225,.
Shanxi-Coal_1000_DRY-11369_H2,2038,10000.0,7121.2989018531225,.
Shanxi-Coal_1000_DRY-11369_H2,2043,10000.0,7121.2989018531225,.
Shanxi-Coal_1000_DRY-11369_H2,2048,10000.0,7121.2989018531225,.
Shanxi-Coal_1000_DRY-11385,2023,776144.8507206588,7121.2989018531225,.
Shanxi-Coal_1000_DRY-11385,2028,776144.8507206588,7121.2989018531225,.
Shanxi-Coal_1000_DRY-11385,2033,776144.8507206588,7121.2989018531225,.
Shanxi-Coal_1000_DRY-11385,2038,776144.8507206588,7121.2989018531225,.
Shanxi-Coal_1000_DRY-11385,2043,776144.8507206588,7121.2989018531225,.
Shanxi-Coal_1000_DRY-11385,2048,776144.8507206588,7121.2989018531225,.
Shanxi-Coal_1000_DRY-11385_H2,2023,10000.0,7121.2989018531225,.
Shanxi-Coal_1000_DRY-11385_H2,2028,10000.0,7121.2989018531225,.
Shanxi-Coal_1000_DRY-11385_H2,2033,10000.0,7121.2989018531225,.
Shanxi-Coal_1000_DRY-11385_H2,2038,10000.0,7121.2989018531225,.
Shanxi-Coal_1000_DRY-11385_H2,2043,10000.0,7121.2989018531225,.
Shanxi-Coal_1000_DRY-11385_H2,2048,10000.0,7121.2989018531225,.
Shanxi-Coal_1000_DRY-11401,2023,776144.8507206588,7121.2989018531225,.
Shanxi-Coal_1000_DRY-11401,2028,776144.8507206588,7121.2989018531225,.
Shanxi-Coal_1000_DRY-11401,2033,776144.8507206588,7121.2989018531225,.
Shanxi-Coal_1000_DRY-11401,2038,776144.8507206588,7121.2989018531225,.
Shanxi-Coal_1000_DRY-11401,2043,776144.8507206588,7121.2989018531225,.
Shanxi-Coal_1000_DRY-11401,2048,776144.8507206588,7121.2989018531225,.
Shanxi-Coal_1000_DRY-11401_H2,2023,10000.0,7121.2989018531225,.
Shanxi-Coal_1000_DRY-11401_H2,2028,10000.0,7121.2989018531225,.
Shanxi-Coal_1000_DRY-11401_H2,2033,10000.0,7121.2989018531225,.
Shanxi-Coal_1000_DRY-11401_H2,2038,10000.0,7121.2989018531225,.
Shanxi-Coal_1000_DRY-11401_H2,2043,10000.0,7121.2989018531225,.
Shanxi-Coal_1000_DRY-11401_H2,2048,10000.0,7121.2989018531225,.
Shanxi-Coal_1000_DRY-11417,2023,776144.8507206588,7121.2989018531225,.
Shanxi-Coal_1000_DRY-11417,2028,776144.8507206588,7121.2989018531225,.
Shanxi-Coal_1000_DRY-11417,2033,776144.8507206588,7121.2989018531225,.
Shanxi-Coal_1000_DRY-11417,2038,776144.8507206588,7121.2989018531225,.
Shanxi-Coal_1000_DRY-11417,2043,776144.8507206588,7121.2989018531225,.
Shanxi-Coal_1000_DRY-11417,2048,776144.8507206588,7121.2989018531225,.
Shanxi-Coal_1000_DRY-11417_H2,2023,10000.0,7121.2989018531225,.
Shanxi-Coal_1000_DRY-11417_H2,2028,10000.0,7121.2989018531225,.
Shanxi-Coal_1000_DRY-11417_H2,2033,10000.0,7121.2989018531225,.
Shanxi-Coal_1000_DRY-11417_H2,2038,10000.0,7121.2989018531225,.
Shanxi-Coal_1000_DRY-11417_H2,2043,10000.0,7121.2989018531225,.
Shanxi-Coal_1000_DRY-11417_H2,2048,10000.0,7121.2989018531225,.
Shanxi-Coal_1000_DRY-11433,2023,776144.8507206588,7121.2989018531225,.
Shanxi-Coal_1000_DRY-11433,2028,776144.8507206588,7121.2989018531225,.
Shanxi-Coal_1000_DRY-11433,2033,776144.8507206588,7121.2989018531225,.
Shanxi-Coal_1000_DRY-11433,2038,776144.8507206588,7121.2989018531225,.
Shanxi-Coal_1000_DRY-11433,2043,776144.8507206588,7121.2989018531225,.
Shanxi-Coal_1000_DRY-11433,2048,776144.8507206588,7121.2989018531225,.
Shanxi-Coal_1000_DRY-11433_H2,2023,10000.0,7121.2989018531225,.
Shanxi-Coal_1000_DRY-11433_H2,2028,10000.0,7121.2989018531225,.
Shanxi-Coal_1000_DRY-11433_H2,2033,10000.0,7121.2989018531225,.
Shanxi-Coal_1000_DRY-11433_H2,2038,10000.0,7121.2989018531225,.
Shanxi-Coal_1000_DRY-11433_H2,2043,10000.0,7121.2989018531225,.
Shanxi-Coal_1000_DRY-11433_H2,2048,10000.0,7121.2989018531225,.
Shanxi-Coal_1000_RC-11359,2023,765433.1365820178,7023.402539464653,.
Shanxi-Coal_1000_RC-11359,2028,765433.1365820178,7023.402539464653,.
Shanxi-Coal_1000_RC-11359,2033,765433.1365820178,7023.402539464653,.
Shanxi-Coal_1000_RC-11359,2038,765433.1365820178,7023.402539464653,.
Shanxi-Coal_1000_RC-11359,2043,765433.1365820178,7023.402539464653,.
Shanxi-Coal_1000_RC-11359,2048,765433.1365820178,7023.402539464653,.
Shanxi-Coal_1000_RC-11359_H2,2023,10000.0,7023.402539464653,.
Shanxi-Coal_1000_RC-11359_H2,2028,10000.0,7023.402539464653,.
Shanxi-Coal_1000_RC-11359_H2,2033,10000.0,7023.402539464653,.
Shanxi-Coal_1000_RC-11359_H2,2038,10000.0,7023.402539464653,.
Shanxi-Coal_1000_RC-11359_H2,2043,10000.0,7023.402539464653,.
Shanxi-Coal_1000_RC-11359_H2,2048,10000.0,7023.402539464653,.
Shanxi-Coal_1000_RC-11375,2023,765433.1365820178,7023.402539464653,.
Shanxi-Coal_1000_RC-11375,2028,765433.1365820178,7023.402539464653,.
Shanxi-Coal_1000_RC-11375,2033,765433.1365820178,7023.402539464653,.
Shanxi-Coal_1000_RC-11375,2038,765433.1365820178,7023.402539464653,.
Shanxi-Coal_1000_RC-11375,2043,765433.1365820178,7023.402539464653,.
Shanxi-Coal_1000_RC-11375,2048,765433.1365820178,7023.402539464653,.
Shanxi-Coal_1000_RC-11375_H2,2023,10000.0,7023.402539464653,.
Shanxi-Coal_1000_RC-11375_H2,2028,10000.0,7023.402539464653,.
Shanxi-Coal_1000_RC-11375_H2,2033,10000.0,7023.402539464653,.
Shanxi-Coal_1000_RC-11375_H2,2038,10000.0,7023.402539464653,.
Shanxi-Coal_1000_RC-11375_H2,2043,10000.0,7023.402539464653,.
Shanxi-Coal_1000_RC-11375_H2,2048,10000.0,7023.402539464653,.
Shanxi-Coal_1000_RC-11391,2023,765433.1365820178,7023.402539464653,.
Shanxi-Coal_1000_RC-11391,2028,765433.1365820178,7023.402539464653,.
Shanxi-Coal_1000_RC-11391,2033,765433.1365820178,7023.402539464653,.
Shanxi-Coal_1000_RC-11391,2038,765433.1365820178,7023.402539464653,.
Shanxi-Coal_1000_RC-11391,2043,765433.1365820178,7023.402539464653,.
Shanxi-Coal_1000_RC-11391,2048,765433.1365820178,7023.402539464653,.
Shanxi-Coal_1000_RC-11391_H2,2023,10000.0,7023.402539464653,.
Shanxi-Coal_1000_RC-11391_H2,2028,10000.0,7023.402539464653,.
Shanxi-Coal_1000_RC-11391_H2,2033,10000.0,7023.402539464653,.
Shanxi-Coal_1000_RC-11391_H2,2038,10000.0,7023.402539464653,.
Shanxi-Coal_1000_RC-11391_H2,2043,10000.0,7023.402539464653,.
Shanxi-Coal_1000_RC-11391_H2,2048,10000.0,7023.402539464653,.
Shanxi-Coal_1000_RC-11407,2023,765433.1365820178,7023.402539464653,.
Shanxi-Coal_1000_RC-11407,2028,765433.1365820178,7023.402539464653,.
Shanxi-Coal_1000_RC-11407,2033,765433.1365820178,7023.402539464653,.
Shanxi-Coal_1000_RC-11407,2038,765433.1365820178,7023.402539464653,.
Shanxi-Coal_1000_RC-11407,2043,765433.1365820178,7023.402539464653,.
Shanxi-Coal_1000_RC-11407,2048,765433.1365820178,7023.402539464653,.
Shanxi-Coal_1000_RC-11407_H2,2023,10000.0,7023.402539464653,.
Shanxi-Coal_1000_RC-11407_H2,2028,10000.0,7023.402539464653,.
Shanxi-Coal_1000_RC-11407_H2,2033,10000.0,7023.402539464653,.
Shanxi-Coal_1000_RC-11407_H2,2038,10000.0,7023.402539464653,.
Shanxi-Coal_1000_RC-11407_H2,2043,10000.0,7023.402539464653,.
Shanxi-Coal_1000_RC-11407_H2,2048,10000.0,7023.402539464653,.
Shanxi-Coal_1000_RC-11423,2023,765433.1365820178,7023.402539464653,.
Shanxi-Coal_1000_RC-11423,2028,765433.1365820178,7023.402539464653,.
Shanxi-Coal_1000_RC-11423,2033,765433.1365820178,7023.402539464653,.
Shanxi-Coal_1000_RC-11423,2038,765433.1365820178,7023.402539464653,.
Shanxi-Coal_1000_RC-11423,2043,765433.1365820178,7023.402539464653,.
Shanxi-Coal_1000_RC-11423,2048,765433.1365820178,7023.402539464653,.
Shanxi-Coal_1000_RC-11423_H2,2023,10000.0,7023.402539464653,.
Shanxi-Coal_1000_RC-11423_H2,2028,10000.0,7023.402539464653,.
Shanxi-Coal_1000_RC-11423_H2,2033,10000.0,7023.402539464653,.
Shanxi-Coal_1000_RC-11423_H2,2038,10000.0,7023.402539464653,.
Shanxi-Coal_1000_RC-11423_H2,2043,10000.0,7023.402539464653,.
Shanxi-Coal_1000_RC-11423_H2,2048,10000.0,7023.402539464653,.
Shanxi-Coal_100_DRY-ep-296,2003,1136051.5665751544,21846.763898421414,.
Shanxi-Coal_100_DRY-ep-297,2003,1136051.5665751544,21846.763898421414,.
Shanxi-Coal_100_DRY-ep-302,1988,1136051.5665751544,21846.763898421414,.
Shanxi-Coal_100_DRY-ep-303,1987,1136051.5665751544,21846.763898421414,.
Shanxi-Coal_100_DRY-ep-308,2011,1136051.5665751544,21846.763898421414,.
Shanxi-Coal_100_DRY-ep-309,2011,1136051.5665751544,21846.763898421414,.
Shanxi-Coal_100_DRY-ep-310,2003,1136051.5665751544,21846.763898421414,.
Shanxi-Coal_100_DRY-ep-311,1994,1136051.5665751544,21846.763898421414,.
Shanxi-Coal_100_DRY-ep-312,1993,1136051.5665751544,21846.763898421414,.
Shanxi-Coal_100_DRY-ep-315,2012,1136051.5665751544,21846.763898421414,.
Shanxi-Coal_100_DRY-ep-316,2012,1136051.5665751544,21846.763898421414,.
Shanxi-Coal_100_DRY-ep-317,2007,1136051.5665751544,21846.763898421414,.
Shanxi-Coal_100_DRY-ep-318,2007,1136051.5665751544,21846.763898421414,.
Shanxi-Coal_100_DRY-ep-319,2010,1136051.5665751544,21846.763898421414,.
Shanxi-Coal_100_DRY-ep-320,2010,1136051.5665751544,21846.763898421414,.
Shanxi-Coal_100_DRY-ep-321,2006,1136051.5665751544,21846.763898421414,.
Shanxi-Coal_100_DRY-ep-322,2006,1136051.5665751544,21846.763898421414,.
Shanxi-Coal_100_DRY-ep-323,2009,1136051.5665751544,21846.763898421414,.
Shanxi-Coal_100_DRY-ep-324,2009,1136051.5665751544,21846.763898421414,.
Shanxi-Coal_100_DRY-ep-325,2008,1136051.5665751544,21846.763898421414,.
Shanxi-Coal_100_DRY-ep-326,2008,1136051.5665751544,21846.763898421414,.
Shanxi-Coal_100_DRY-ep-327,2008,1136051.5665751544,21846.763898421414,.
Shanxi-Coal_100_DRY-ep-328,2008,1136051.5665751544,21846.763898421414,.
Shanxi-Coal_100_DRY-ep-329,2008,1136051.5665751544,21846.763898421414,.
Shanxi-Coal_100_DRY-ep-330,2008,1136051.5665751544,21846.763898421414,.
Shanxi-Coal_100_DRY-ep-331,2007,1136051.5665751544,21846.763898421414,.
Shanxi-Coal_100_DRY-ep-332,2007,1136051.5665751544,21846.763898421414,.
Shanxi-Coal_100_DRY-ep-333,2006,1136051.5665751544,21846.763898421414,.
Shanxi-Coal_100_DRY-ep-334,2005,1136051.5665751544,21846.763898421414,.
Shanxi-Coal_100_DRY-ep-335,2005,1136051.5665751544,21846.763898421414,.
Shanxi-Coal_100_DRY-ep-336,2006,1136051.5665751544,21846.763898421414,.
Shanxi-Coal_100_DRY-ep-337,2006,1136051.5665751544,21846.763898421414,.
Shanxi-Coal_100_DRY-ep-338,2012,1136051.5665751544,21846.763898421414,.
Shanxi-Coal_100_DRY-ep-339,2012,1136051.5665751544,21846.763898421414,.
Shanxi-Coal_100_DRY-ep-348,2015,1136051.5665751544,21846.763898421414,.
Shanxi-Coal_100_OT-ep-298,1991,1065293.663349348,20486.798215511324,.
Shanxi-Coal_100_OT-ep-299,1990,1065293.663349348,20486.798215511324,.
Shanxi-Coal_100_OT-ep-300,1990,1065293.663349348,20486.798215511324,.
Shanxi-Coal_100_OT-ep-301,1989,1065293.663349348,20486.798215511324,.
Shanxi-Coal_100_RC-ep-304,1986,1065293.663349348,20486.798215511324,.
Shanxi-Coal_100_RC-ep-305,1985,1065293.663349348,20486.798215511324,.
Shanxi-Coal_100_RC-ep-306,1984,1065293.663349348,20486.798215511324,.
Shanxi-Coal_100_RC-ep-307,1984,1065293.663349348,20486.798215511324,.
Shanxi-Coal_100_RC-ep-313,2008,1065293.663349348,20486.798215511324,.
Shanxi-Coal_100_RC-ep-314,2008,1065293.663349348,20486.798215511324,.
Shanxi-Coal_100_RC-ep-344,2000,1065293.663349348,20486.798215511324,.
Shanxi-Coal_100_RC-ep-345,2000,1065293.663349348,20486.798215511324,.
Shanxi-Coal_100_RC-ep-346,1996,1065293.663349348,20486.798215511324,.
Shanxi-Coal_100_RC-ep-347,1995,1065293.663349348,20486.798215511324,.
Shanxi-Coal_300_DRY-11373,2023,861866.3452299244,8286.794783802334,.
Shanxi-Coal_300_DRY-11373,2028,861866.3452299244,8286.794783802334,.
Shanxi-Coal_300_DRY-11373,2033,861866.3452299244,8286.794783802334,.
Shanxi-Coal_300_DRY-11373,2038,861866.3452299244,8286.794783802334,.
Shanxi-Coal_300_DRY-11373,2043,861866.3452299244,8286.794783802334,.
Shanxi-Coal_300_DRY-11373,2048,861866.3452299244,8286.794783802334,.
Shanxi-Coal_300_DRY-11373_H2,2023,10000.0,8286.794783802334,.
Shanxi-Coal_300_DRY-11373_H2,2028,10000.0,8286.794783802334,.
Shanxi-Coal_300_DRY-11373_H2,2033,10000.0,8286.794783802334,.
Shanxi-Coal_300_DRY-11373_H2,2038,10000.0,8286.794783802334,.
Shanxi-Coal_300_DRY-11373_H2,2043,10000.0,8286.794783802334,.
Shanxi-Coal_300_DRY-11373_H2,2048,10000.0,8286.794783802334,.
Shanxi-Coal_300_DRY-11389,2023,861866.3452299244,8286.794783802334,.
Shanxi-Coal_300_DRY-11389,2028,861866.3452299244,8286.794783802334,.
Shanxi-Coal_300_DRY-11389,2033,861866.3452299244,8286.794783802334,.
Shanxi-Coal_300_DRY-11389,2038,861866.3452299244,8286.794783802334,.
Shanxi-Coal_300_DRY-11389,2043,861866.3452299244,8286.794783802334,.
Shanxi-Coal_300_DRY-11389,2048,861866.3452299244,8286.794783802334,.
Shanxi-Coal_300_DRY-11389_H2,2023,10000.0,8286.794783802334,.
Shanxi-Coal_300_DRY-11389_H2,2028,10000.0,8286.794783802334,.
Shanxi-Coal_300_DRY-11389_H2,2033,10000.0,8286.794783802334,.
Shanxi-Coal_300_DRY-11389_H2,2038,10000.0,8286.794783802334,.
Shanxi-Coal_300_DRY-11389_H2,2043,10000.0,8286.794783802334,.
Shanxi-Coal_300_DRY-11389_H2,2048,10000.0,8286.794783802334,.
Shanxi-Coal_300_DRY-11405,2023,861866.3452299244,8286.794783802334,.
Shanxi-Coal_300_DRY-11405,2028,861866.3452299244,8286.794783802334,.
Shanxi-Coal_300_DRY-11405,2033,861866.3452299244,8286.794783802334,.
Shanxi-Coal_300_DRY-11405,2038,861866.3452299244,8286.794783802334,.
Shanxi-Coal_300_DRY-11405,2043,861866.3452299244,8286.794783802334,.
Shanxi-Coal_300_DRY-11405,2048,861866.3452299244,8286.794783802334,.
Shanxi-Coal_300_DRY-11405_H2,2023,10000.0,8286.794783802334,.
Shanxi-Coal_300_DRY-11405_H2,2028,10000.0,8286.794783802334,.
Shanxi-Coal_300_DRY-11405_H2,2033,10000.0,8286.794783802334,.
Shanxi-Coal_300_DRY-11405_H2,2038,10000.0,8286.794783802334,.
Shanxi-Coal_300_DRY-11405_H2,2043,10000.0,8286.794783802334,.
Shanxi-Coal_300_DRY-11405_H2,2048,10000.0,8286.794783802334,.
Shanxi-Coal_300_DRY-11421,2023,861866.3452299244,8286.794783802334,.
Shanxi-Coal_300_DRY-11421,2028,861866.3452299244,8286.794783802334,.
Shanxi-Coal_300_DRY-11421,2033,861866.3452299244,8286.794783802334,.
Shanxi-Coal_300_DRY-11421,2038,861866.3452299244,8286.794783802334,.
Shanxi-Coal_300_DRY-11421,2043,861866.3452299244,8286.794783802334,.
Shanxi-Coal_300_DRY-11421,2048,861866.3452299244,8286.794783802334,.
Shanxi-Coal_300_DRY-11421_H2,2023,10000.0,8286.794783802334,.
Shanxi-Coal_300_DRY-11421_H2,2028,10000.0,8286.794783802334,.
Shanxi-Coal_300_DRY-11421_H2,2033,10000.0,8286.794783802334,.
Shanxi-Coal_300_DRY-11421_H2,2038,10000.0,8286.794783802334,.
Shanxi-Coal_300_DRY-11421_H2,2043,10000.0,8286.794783802334,.
Shanxi-Coal_300_DRY-11421_H2,2048,10000.0,8286.794783802334,.
Shanxi-Coal_300_DRY-11437,2023,861866.3452299244,8286.794783802334,.
Shanxi-Coal_300_DRY-11437,2028,861866.3452299244,8286.794783802334,.
Shanxi-Coal_300_DRY-11437,2033,861866.3452299244,8286.794783802334,.
Shanxi-Coal_300_DRY-11437,2038,861866.3452299244,8286.794783802334,.
Shanxi-Coal_300_DRY-11437,2043,861866.3452299244,8286.794783802334,.
Shanxi-Coal_300_DRY-11437,2048,861866.3452299244,8286.794783802334,.
Shanxi-Coal_300_DRY-11437_H2,2023,10000.0,8286.794783802334,.
Shanxi-Coal_300_DRY-11437_H2,2028,10000.0,8286.794783802334,.
Shanxi-Coal_300_DRY-11437_H2,2033,10000.0,8286.794783802334,.
Shanxi-Coal_300_DRY-11437_H2,2038,10000.0,8286.794783802334,.
Shanxi-Coal_300_DRY-11437_H2,2043,10000.0,8286.794783802334,.
Shanxi-Coal_300_DRY-11437_H2,2048,10000.0,8286.794783802334,.
Shanxi-Coal_300_RC-11363,2023,833562.3901853123,8015.595401509951,.
Shanxi-Coal_300_RC-11363,2028,833562.3901853123,8015.595401509951,.
Shanxi-Coal_300_RC-11363,2033,833562.3901853123,8015.595401509951,.
Shanxi-Coal_300_RC-11363,2038,833562.3901853123,8015.595401509951,.
Shanxi-Coal_300_RC-11363,2043,833562.3901853123,8015.595401509951,.
Shanxi-Coal_300_RC-11363,2048,833562.3901853123,8015.595401509951,.
Shanxi-Coal_300_RC-11363_H2,2023,10000.0,8015.595401509951,.
Shanxi-Coal_300_RC-11363_H2,2028,10000.0,8015.595401509951,.
Shanxi-Coal_300_RC-11363_H2,2033,10000.0,8015.595401509951,.
Shanxi-Coal_300_RC-11363_H2,2038,10000.0,8015.595401509951,.
Shanxi-Coal_300_RC-11363_H2,2043,10000.0,8015.595401509951,.
Shanxi-Coal_300_RC-11363_H2,2048,10000.0,8015.595401509951,.
Shanxi-Coal_300_RC-11379,2023,833562.3901853123,8015.595401509951,.
Shanxi-Coal_300_RC-11379,2028,833562.3901853123,8015.595401509951,.
Shanxi-Coal_300_RC-11379,2033,833562.3901853123,8015.595401509951,.
Shanxi-Coal_300_RC-11379,2038,833562.3901853123,8015.595401509951,.
Shanxi-Coal_300_RC-11379,2043,833562.3901853123,8015.595401509951,.
Shanxi-Coal_300_RC-11379,2048,833562.3901853123,8015.595401509951,.
Shanxi-Coal_300_RC-11379_H2,2023,10000.0,8015.595401509951,.
Shanxi-Coal_300_RC-11379_H2,2028,10000.0,8015.595401509951,.
Shanxi-Coal_300_RC-11379_H2,2033,10000.0,8015.595401509951,.
Shanxi-Coal_300_RC-11379_H2,2038,10000.0,8015.595401509951,.
Shanxi-Coal_300_RC-11379_H2,2043,10000.0,8015.595401509951,.
Shanxi-Coal_300_RC-11379_H2,2048,10000.0,8015.595401509951,.
Shanxi-Coal_300_RC-11395,2023,833562.3901853123,8015.595401509951,.
Shanxi-Coal_300_RC-11395,2028,833562.3901853123,8015.595401509951,.
Shanxi-Coal_300_RC-11395,2033,833562.3901853123,8015.595401509951,.
Shanxi-Coal_300_RC-11395,2038,833562.3901853123,8015.595401509951,.
Shanxi-Coal_300_RC-11395,2043,833562.3901853123,8015.595401509951,.
Shanxi-Coal_300_RC-11395,2048,833562.3901853123,8015.595401509951,.
Shanxi-Coal_300_RC-11395_H2,2023,10000.0,8015.595401509951,.
Shanxi-Coal_300_RC-11395_H2,2028,10000.0,8015.595401509951,.
Shanxi-Coal_300_RC-11395_H2,2033,10000.0,8015.595401509951,.
Shanxi-Coal_300_RC-11395_H2,2038,10000.0,8015.595401509951,.
Shanxi-Coal_300_RC-11395_H2,2043,10000.0,8015.595401509951,.
Shanxi-Coal_300_RC-11395_H2,2048,10000.0,8015.595401509951,.
Shanxi-Coal_300_RC-11411,2023,833562.3901853123,8015.595401509951,.
Shanxi-Coal_300_RC-11411,2028,833562.3901853123,8015.595401509951,.
Shanxi-Coal_300_RC-11411,2033,833562.3901853123,8015.595401509951,.
Shanxi-Coal_300_RC-11411,2038,833562.3901853123,8015.595401509951,.
Shanxi-Coal_300_RC-11411,2043,833562.3901853123,8015.595401509951,.
Shanxi-Coal_300_RC-11411,2048,833562.3901853123,8015.595401509951,.
Shanxi-Coal_300_RC-11411_H2,2023,10000.0,8015.595401509951,.
Shanxi-Coal_300_RC-11411_H2,2028,10000.0,8015.595401509951,.
Shanxi-Coal_300_RC-11411_H2,2033,10000.0,8015.595401509951,.
Shanxi-Coal_300_RC-11411_H2,2038,10000.0,8015.595401509951,.
Shanxi-Coal_300_RC-11411_H2,2043,10000.0,8015.595401509951,.
Shanxi-Coal_300_RC-11411_H2,2048,10000.0,8015.595401509951,.
Shanxi-Coal_300_RC-11427,2023,833562.3901853123,8015.595401509951,.
Shanxi-Coal_300_RC-11427,2028,833562.3901853123,8015.595401509951,.
Shanxi-Coal_300_RC-11427,2033,833562.3901853123,8015.595401509951,.
Shanxi-Coal_300_RC-11427,2038,833562.3901853123,8015.595401509951,.
Shanxi-Coal_300_RC-11427,2043,833562.3901853123,8015.595401509951,.
Shanxi-Coal_300_RC-11427,2048,833562.3901853123,8015.595401509951,.
Shanxi-Coal_300_RC-11427_H2,2023,10000.0,8015.595401509951,.
Shanxi-Coal_300_RC-11427_H2,2028,10000.0,8015.595401509951,.
Shanxi-Coal_300_RC-11427_H2,2033,10000.0,8015.595401509951,.
Shanxi-Coal_300_RC-11427_H2,2038,10000.0,8015.595401509951,.
Shanxi-Coal_300_RC-11427_H2,2043,10000.0,8015.595401509951,.
Shanxi-Coal_300_RC-11427_H2,2048,10000.0,8015.595401509951,.
Shanxi-Coal_600_DRY-11371,2023,781911.4756348662,7174.215854495538,.
Shanxi-Coal_600_DRY-11371,2028,781911.4756348662,7174.215854495538,.
Shanxi-Coal_600_DRY-11371,2033,781911.4756348662,7174.215854495538,.
Shanxi-Coal_600_DRY-11371,2038,781911.4756348662,7174.215854495538,.
Shanxi-Coal_600_DRY-11371,2043,781911.4756348662,7174.215854495538,.
Shanxi-Coal_600_DRY-11371,2048,781911.4756348662,7174.215854495538,.
Shanxi-Coal_600_DRY-11371_H2,2023,10000.0,7174.215854495538,.
Shanxi-Coal_600_DRY-11371_H2,2028,10000.0,7174.215854495538,.
Shanxi-Coal_600_DRY-11371_H2,2033,10000.0,7174.215854495538,.
Shanxi-Coal_600_DRY-11371_H2,2038,10000.0,7174.215854495538,.
Shanxi-Coal_600_DRY-11371_H2,2043,10000.0,7174.215854495538,.
Shanxi-Coal_600_DRY-11371_H2,2048,10000.0,7174.215854495538,.
Shanxi-Coal_600_DRY-11387,2023,781911.4756348662,7174.215854495538,.
Shanxi-Coal_600_DRY-11387,2028,781911.4756348662,7174.215854495538,.
Shanxi-Coal_600_DRY-11387,2033,781911.4756348662,7174.215854495538,.
Shanxi-Coal_600_DRY-11387,2038,781911.4756348662,7174.215854495538,.
Shanxi-Coal_600_DRY-11387,2043,781911.4756348662,7174.215854495538,.
Shanxi-Coal_600_DRY-11387,2048,781911.4756348662,7174.215854495538,.
Shanxi-Coal_600_DRY-11387_H2,2023,10000.0,7174.215854495538,.
Shanxi-Coal_600_DRY-11387_H2,2028,10000.0,7174.215854495538,.
Shanxi-Coal_600_DRY-11387_H2,2033,10000.0,7174.215854495538,.
Shanxi-Coal_600_DRY-11387_H2,2038,10000.0,7174.215854495538,.
Shanxi-Coal_600_DRY-11387_H2,2043,10000.0,7174.215854495538,.
Shanxi-Coal_600_DRY-11387_H2,2048,10000.0,7174.215854495538,.
Shanxi-Coal_600_DRY-11403,2023,781911.4756348662,7174.215854495538,.
Shanxi-Coal_600_DRY-11403,2028,781911.4756348662,7174.215854495538,.
Shanxi-Coal_600_DRY-11403,2033,781911.4756348662,7174.215854495538,.
Shanxi-Coal_600_DRY-11403,2038,781911.4756348662,7174.215854495538,.
Shanxi-Coal_600_DRY-11403,2043,781911.4756348662,7174.215854495538,.
Shanxi-Coal_600_DRY-11403,2048,781911.4756348662,7174.215854495538,.
Shanxi-Coal_600_DRY-11403_H2,2023,10000.0,7174.215854495538,.
Shanxi-Coal_600_DRY-11403_H2,2028,10000.0,7174.215854495538,.
Shanxi-Coal_600_DRY-11403_H2,2033,10000.0,7174.215854495538,.
Shanxi-Coal_600_DRY-11403_H2,2038,10000.0,7174.215854495538,.
Shanxi-Coal_600_DRY-11403_H2,2043,10000.0,7174.215854495538,.
Shanxi-Coal_600_DRY-11403_H2,2048,10000.0,7174.215854495538,.
Shanxi-Coal_600_DRY-11419,2023,781911.4756348662,7174.215854495538,.
Shanxi-Coal_600_DRY-11419,2028,781911.4756348662,7174.215854495538,.
Shanxi-Coal_600_DRY-11419,2033,781911.4756348662,7174.215854495538,.
Shanxi-Coal_600_DRY-11419,2038,781911.4756348662,7174.215854495538,.
Shanxi-Coal_600_DRY-11419,2043,781911.4756348662,7174.215854495538,.
Shanxi-Coal_600_DRY-11419,2048,781911.4756348662,7174.215854495538,.
Shanxi-Coal_600_DRY-11419_H2,2023,10000.0,7174.215854495538,.
Shanxi-Coal_600_DRY-11419_H2,2028,10000.0,7174.215854495538,.
Shanxi-Coal_600_DRY-11419_H2,2033,10000.0,7174.215854495538,.
Shanxi-Coal_600_DRY-11419_H2,2038,10000.0,7174.215854495538,.
Shanxi-Coal_600_DRY-11419_H2,2043,10000.0,7174.215854495538,.
Shanxi-Coal_600_DRY-11419_H2,2048,10000.0,7174.215854495538,.
Shanxi-Coal_600_DRY-11435,2023,781911.4756348662,7174.215854495538,.
Shanxi-Coal_600_DRY-11435,2028,781911.4756348662,7174.215854495538,.
Shanxi-Coal_600_DRY-11435,2033,781911.4756348662,7174.215854495538,.
Shanxi-Coal_600_DRY-11435,2038,781911.4756348662,7174.215854495538,.
Shanxi-Coal_600_DRY-11435,2043,781911.4756348662,7174.215854495538,.
Shanxi-Coal_600_DRY-11435,2048,781911.4756348662,7174.215854495538,.
Shanxi-Coal_600_DRY-11435_H2,2023,10000.0,7174.215854495538,.
Shanxi-Coal_600_DRY-11435_H2,2028,10000.0,7174.215854495538,.
Shanxi-Coal_600_DRY-11435_H2,2033,10000.0,7174.215854495538,.
Shanxi-Coal_600_DRY-11435_H2,2038,10000.0,7174.215854495538,.
Shanxi-Coal_600_DRY-11435_H2,2043,10000.0,7174.215854495538,.
Shanxi-Coal_600_DRY-11435_H2,2048,10000.0,7174.215854495538,.
Shanxi-Coal_600_RC-11361,2023,771199.761496225,7076.319492107069,.
Shanxi-Coal_600_RC-11361,2028,771199.761496225,7076.319492107069,.
Shanxi-Coal_600_RC-11361,2033,771199.761496225,7076.319492107069,.
Shanxi-Coal_600_RC-11361,2038,771199.761496225,7076.319492107069,.
Shanxi-Coal_600_RC-11361,2043,771199.761496225,7076.319492107069,.
Shanxi-Coal_600_RC-11361,2048,771199.761496225,7076.319492107069,.
Shanxi-Coal_600_RC-11361_H2,2023,10000.0,7076.319492107069,.
Shanxi-Coal_600_RC-11361_H2,2028,10000.0,7076.319492107069,.
Shanxi-Coal_600_RC-11361_H2,2033,10000.0,7076.319492107069,.
Shanxi-Coal_600_RC-11361_H2,2038,10000.0,7076.319492107069,.
Shanxi-Coal_600_RC-11361_H2,2043,10000.0,7076.319492107069,.
Shanxi-Coal_600_RC-11361_H2,2048,10000.0,7076.319492107069,.
Shanxi-Coal_600_RC-11377,2023,771199.761496225,7076.319492107069,.
Shanxi-Coal_600_RC-11377,2028,771199.761496225,7076.319492107069,.
Shanxi-Coal_600_RC-11377,2033,771199.761496225,7076.319492107069,.
Shanxi-Coal_600_RC-11377,2038,771199.761496225,7076.319492107069,.
Shanxi-Coal_600_RC-11377,2043,771199.761496225,7076.319492107069,.
Shanxi-Coal_600_RC-11377,2048,771199.761496225,7076.319492107069,.
Shanxi-Coal_600_RC-11377_H2,2023,10000.0,7076.319492107069,.
Shanxi-Coal_600_RC-11377_H2,2028,10000.0,7076.319492107069,.
Shanxi-Coal_600_RC-11377_H2,2033,10000.0,7076.319492107069,.
Shanxi-Coal_600_RC-11377_H2,2038,10000.0,7076.319492107069,.
Shanxi-Coal_600_RC-11377_H2,2043,10000.0,7076.319492107069,.
Shanxi-Coal_600_RC-11377_H2,2048,10000.0,7076.319492107069,.
Shanxi-Coal_600_RC-11393,2023,771199.761496225,7076.319492107069,.
Shanxi-Coal_600_RC-11393,2028,771199.761496225,7076.319492107069,.
Shanxi-Coal_600_RC-11393,2033,771199.761496225,7076.319492107069,.
Shanxi-Coal_600_RC-11393,2038,771199.761496225,7076.319492107069,.
Shanxi-Coal_600_RC-11393,2043,771199.761496225,7076.319492107069,.
Shanxi-Coal_600_RC-11393,2048,771199.761496225,7076.319492107069,.
Shanxi-Coal_600_RC-11393_H2,2023,10000.0,7076.319492107069,.
Shanxi-Coal_600_RC-11393_H2,2028,10000.0,7076.319492107069,.
Shanxi-Coal_600_RC-11393_H2,2033,10000.0,7076.319492107069,.
Shanxi-Coal_600_RC-11393_H2,2038,10000.0,7076.319492107069,.
Shanxi-Coal_600_RC-11393_H2,2043,10000.0,7076.319492107069,.
Shanxi-Coal_600_RC-11393_H2,2048,10000.0,7076.319492107069,.
Shanxi-Coal_600_RC-11409,2023,771199.761496225,7076.319492107069,.
Shanxi-Coal_600_RC-11409,2028,771199.761496225,7076.319492107069,.
Shanxi-Coal_600_RC-11409,2033,771199.761496225,7076.319492107069,.
Shanxi-Coal_600_RC-11409,2038,771199.761496225,7076.319492107069,.
Shanxi-Coal_600_RC-11409,2043,771199.761496225,7076.319492107069,.
Shanxi-Coal_600_RC-11409,2048,771199.761496225,7076.319492107069,.
Shanxi-Coal_600_RC-11409_H2,2023,10000.0,7076.319492107069,.
Shanxi-Coal_600_RC-11409_H2,2028,10000.0,7076.319492107069,.
Shanxi-Coal_600_RC-11409_H2,2033,10000.0,7076.319492107069,.
Shanxi-Coal_600_RC-11409_H2,2038,10000.0,7076.319492107069,.
Shanxi-Coal_600_RC-11409_H2,2043,10000.0,7076.319492107069,.
Shanxi-Coal_600_RC-11409_H2,2048,10000.0,7076.319492107069,.
Shanxi-Coal_600_RC-11425,2023,771199.761496225,7076.319492107069,.
Shanxi-Coal_600_RC-11425,2028,771199.761496225,7076.319492107069,.
Shanxi-Coal_600_RC-11425,2033,771199.761496225,7076.319492107069,.
Shanxi-Coal_600_RC-11425,2038,771199.761496225,7076.319492107069,.
Shanxi-Coal_600_RC-11425,2043,771199.761496225,7076.319492107069,.
Shanxi-Coal_600_RC-11425,2048,771199.761496225,7076.319492107069,.
Shanxi-Coal_600_RC-11425_H2,2023,10000.0,7076.319492107069,.
Shanxi-Coal_600_RC-11425_H2,2028,10000.0,7076.319492107069,.
Shanxi-Coal_600_RC-11425_H2,2033,10000.0,7076.319492107069,.
Shanxi-Coal_600_RC-11425_H2,2038,10000.0,7076.319492107069,.
Shanxi-Coal_600_RC-11425_H2,2043,10000.0,7076.319492107069,.
Shanxi-Coal_600_RC-11425_H2,2048,10000.0,7076.319492107069,.
Shanxi-Coal_IGCC_RC-11365,2023,2162821.688400824,19843.85724090597,.
Shanxi-Coal_IGCC_RC-11365,2028,2162821.688400824,19843.85724090597,.
Shanxi-Coal_IGCC_RC-11365,2033,2162821.688400824,19843.85724090597,.
Shanxi-Coal_IGCC_RC-11365,2038,2162821.688400824,19843.85724090597,.
Shanxi-Coal_IGCC_RC-11365,2043,2162821.688400824,19843.85724090597,.
Shanxi-Coal_IGCC_RC-11365,2048,2162821.688400824,19843.85724090597,.
Shanxi-Coal_IGCC_RC-11365_H2,2023,10000.0,19843.85724090597,.
Shanxi-Coal_IGCC_RC-11365_H2,2028,10000.0,19843.85724090597,.
Shanxi-Coal_IGCC_RC-11365_H2,2033,10000.0,19843.85724090597,.
Shanxi-Coal_IGCC_RC-11365_H2,2038,10000.0,19843.85724090597,.
Shanxi-Coal_IGCC_RC-11365_H2,2043,10000.0,19843.85724090597,.
Shanxi-Coal_IGCC_RC-11365_H2,2048,10000.0,19843.85724090597,.
Shanxi-Coal_IGCC_RC-11381,2023,2162821.688400824,19843.85724090597,.
Shanxi-Coal_IGCC_RC-11381,2028,2162821.688400824,19843.85724090597,.
Shanxi-Coal_IGCC_RC-11381,2033,2162821.688400824,19843.85724090597,.
Shanxi-Coal_IGCC_RC-11381,2038,2162821.688400824,19843.85724090597,.
Shanxi-Coal_IGCC_RC-11381,2043,2162821.688400824,19843.85724090597,.
Shanxi-Coal_IGCC_RC-11381,2048,2162821.688400824,19843.85724090597,.
Shanxi-Coal_IGCC_RC-11381_H2,2023,10000.0,19843.85724090597,.
Shanxi-Coal_IGCC_RC-11381_H2,2028,10000.0,19843.85724090597,.
Shanxi-Coal_IGCC_RC-11381_H2,2033,10000.0,19843.85724090597,.
Shanxi-Coal_IGCC_RC-11381_H2,2038,10000.0,19843.85724090597,.
Shanxi-Coal_IGCC_RC-11381_H2,2043,10000.0,19843.85724090597,.
Shanxi-Coal_IGCC_RC-11381_H2,2048,10000.0,19843.85724090597,.
Shanxi-Coal_IGCC_RC-11397,2023,2162821.688400824,19843.85724090597,.
Shanxi-Coal_IGCC_RC-11397,2028,2162821.688400824,19843.85724090597,.
Shanxi-Coal_IGCC_RC-11397,2033,2162821.688400824,19843.85724090597,.
Shanxi-Coal_IGCC_RC-11397,2038,2162821.688400824,19843.85724090597,.
Shanxi-Coal_IGCC_RC-11397,2043,2162821.688400824,19843.85724090597,.
Shanxi-Coal_IGCC_RC-11397,2048,2162821.688400824,19843.85724090597,.
Shanxi-Coal_IGCC_RC-11397_H2,2023,10000.0,19843.85724090597,.
Shanxi-Coal_IGCC_RC-11397_H2,2028,10000.0,19843.85724090597,.
Shanxi-Coal_IGCC_RC-11397_H2,2033,10000.0,19843.85724090597,.
Shanxi-Coal_IGCC_RC-11397_H2,2038,10000.0,19843.85724090597,.
Shanxi-Coal_IGCC_RC-11397_H2,2043,10000.0,19843.85724090597,.
Shanxi-Coal_IGCC_RC-11397_H2,2048,10000.0,19843.85724090597,.
Shanxi-Coal_IGCC_RC-11413,2023,2162821.688400824,19843.85724090597,.
Shanxi-Coal_IGCC_RC-11413,2028,2162821.688400824,19843.85724090597,.
Shanxi-Coal_IGCC_RC-11413,2033,2162821.688400824,19843.85724090597,.
Shanxi-Coal_IGCC_RC-11413,2038,2162821.688400824,19843.85724090597,.
Shanxi-Coal_IGCC_RC-11413,2043,2162821.688400824,19843.85724090597,.
Shanxi-Coal_IGCC_RC-11413,2048,2162821.688400824,19843.85724090597,.
Shanxi-Coal_IGCC_RC-11413_H2,2023,10000.0,19843.85724090597,.
Shanxi-Coal_IGCC_RC-11413_H2,2028,10000.0,19843.85724090597,.
Shanxi-Coal_IGCC_RC-11413_H2,2033,10000.0,19843.85724090597,.
Shanxi-Coal_IGCC_RC-11413_H2,2038,10000.0,19843.85724090597,.
Shanxi-Coal_IGCC_RC-11413_H2,2043,10000.0,19843.85724090597,.
Shanxi-Coal_IGCC_RC-11413_H2,2048,10000.0,19843.85724090597,.
Shanxi-Coal_IGCC_RC-11429,2023,2162821.688400824,19843.85724090597,.
Shanxi-Coal_IGCC_RC-11429,2028,2162821.688400824,19843.85724090597,.
Shanxi-Coal_IGCC_RC-11429,2033,2162821.688400824,19843.85724090597,.
Shanxi-Coal_IGCC_RC-11429,2038,2162821.688400824,19843.85724090597,.
Shanxi-Coal_IGCC_RC-11429,2043,2162821.688400824,19843.85724090597,.
Shanxi-Coal_IGCC_RC-11429,2048,2162821.688400824,19843.85724090597,.
Shanxi-Coal_IGCC_RC-11429_H2,2023,10000.0,19843.85724090597,.
Shanxi-Coal_IGCC_RC-11429_H2,2028,10000.0,19843.85724090597,.
Shanxi-Coal_IGCC_RC-11429_H2,2033,10000.0,19843.85724090597,.
Shanxi-Coal_IGCC_RC-11429_H2,2038,10000.0,19843.85724090597,.
Shanxi-Coal_IGCC_RC-11429_H2,2043,10000.0,19843.85724090597,.
Shanxi-Coal_IGCC_RC-11429_H2,2048,10000.0,19843.85724090597,.
Shanxi-Coal_Small_DRY-ep-225,1990,1092356.7158544955,21846.763898421414,.
Shanxi-Coal_Small_DRY-ep-295,1990,1092356.7158544955,21846.763898421414,.
Shanxi-Coal_Small_DRY-ep-342,1990,1092356.7158544955,21846.763898421414,.
Shanxi-Coal_Small_DRY-ep-343,1990,1092356.7158544955,21846.763898421414,.
Shanxi-Coal_Small_RC-ep-184,1990,1024321.3898421412,20486.798215511324,.
Shanxi-Coal_Small_RC-ep-189,1990,1024321.3898421412,20486.798215511324,.
Shanxi-Coal_Small_RC-ep-224,1990,1024321.3898421412,20486.798215511324,.
Shanxi-Coal_Small_RC-ep-349,1990,1024321.3898421412,20486.798215511324,.
Shanxi-Coal_Small_RC-ep-350,1990,1024321.3898421412,20486.798215511324,.
Shanxi-Commercial_PV-110,2023,1977757.9213305125,19873.902259965573,.
Shanxi-Commercial_PV-110,2028,1665551.7739625007,17257.032230617435,.
Shanxi-Commercial_PV-110,2033,1353345.6265944894,14640.16220126929,.
Shanxi-Commercial_PV-110,2038,1166979.0761531717,13078.0627857571,.
Shanxi-Commercial_PV-110,2043,1064505.5903296482,12219.143779468866,.
Shanxi-Commercial_PV-110,2048,962032.1045061252,11360.224773180636,.
Shanxi-Commercial_PV-111,2023,1977757.9213305125,19873.902259965573,.
Shanxi-Commercial_PV-111,2028,1665551.7739625007,17257.032230617435,.
Shanxi-Commercial_PV-111,2033,1353345.6265944894,14640.16220126929,.
Shanxi-Commercial_PV-111,2038,1166979.0761531717,13078.0627857571,.
Shanxi-Commercial_PV-111,2043,1064505.5903296482,12219.143779468866,.
Shanxi-Commercial_PV-111,2048,962032.1045061252,11360.224773180636,.
Shanxi-Commercial_PV-112,2023,1977757.9213305125,19873.902259965573,.
Shanxi-Commercial_PV-112,2028,1665551.7739625007,17257.032230617435,.
Shanxi-Commercial_PV-112,2033,1353345.6265944894,14640.16220126929,.
Shanxi-Commercial_PV-112,2038,1166979.0761531717,13078.0627857571,.
Shanxi-Commercial_PV-112,2043,1064505.5903296482,12219.143779468866,.
Shanxi-Commercial_PV-112,2048,962032.1045061252,11360.224773180636,.
Shanxi-Commercial_PV-113,2023,1977757.9213305125,19873.902259965573,.
Shanxi-Commercial_PV-113,2028,1665551.7739625007,17257.032230617435,.
Shanxi-Commercial_PV-113,2033,1353345.6265944894,14640.16220126929,.
Shanxi-Commercial_PV-113,2038,1166979.0761531717,13078.0627857571,.
Shanxi-Commercial_PV-113,2043,1064505.5903296482,12219.143779468866,.
Shanxi-Commercial_PV-113,2048,962032.1045061252,11360.224773180636,.
Shanxi-Commercial_PV-114,2023,1977757.9213305125,19873.902259965573,.
Shanxi-Commercial_PV-114,2028,1665551.7739625007,17257.032230617435,.
Shanxi-Commercial_PV-114,2033,1353345.6265944894,14640.16220126929,.
Shanxi-Commercial_PV-114,2038,1166979.0761531717,13078.0627857571,.
Shanxi-Commercial_PV-114,2043,1064505.5903296482,12219.143779468866,.
Shanxi-Commercial_PV-114,2048,962032.1045061252,11360.224773180636,.
Shanxi-EP_Coal_1000_DRY-ep-3015,2018,846590.543925875,15535.094371997253,.
Shanxi-EP_Coal_1000_DRY-ep-3016,2018,846590.543925875,15535.094371997253,.
Shanxi-EP_Coal_1000_DRY-ep-3017,2018,846590.543925875,15535.094371997253,.
Shanxi-EP_Coal_1000_DRY-ep-3018,2018,846590.543925875,15535.094371997253,.
Shanxi-EP_Coal_1000_DRY-ep-3019,2019,846590.543925875,15535.094371997253,.
Shanxi-EP_Coal_1000_DRY-ep-3020,2019,846590.543925875,15535.094371997253,.
Shanxi-EP_Coal_1000_DRY-ep-3021,2019,846590.543925875,15535.094371997253,.
Shanxi-EP_Coal_1000_DRY-ep-3022,2019,846590.543925875,15535.094371997253,.
Shanxi-EP_Coal_1000_DRY-ep-3023,2020,846590.543925875,15535.094371997253,.
Shanxi-EP_Coal_1000_DRY-ep-3024,2020,846590.543925875,15535.094371997253,.
Shanxi-EP_Coal_1000_DRY-ep-3025,2020,846590.543925875,15535.094371997253,.
Shanxi-EP_Coal_1000_DRY-ep-3026,2020,846590.543925875,15535.094371997253,.
Shanxi-EP_Coal_1000_DRY-ep-3027,2020,846590.543925875,15535.094371997253,.
Shanxi-EP_Coal_1000_DRY-ep-3028,2020,846590.543925875,15535.094371997253,.
Shanxi-EP_Coal_1000_DRY-ep-3029,2020,846590.543925875,15535.094371997253,.
Shanxi-EP_Coal_1000_DRY-ep-3030,2021,846590.543925875,15535.094371997253,.
Shanxi-EP_Coal_1000_DRY-ep-3031,2021,846590.543925875,15535.094371997253,.
Shanxi-EP_Coal_1000_DRY-ep-3032,2021,846590.543925875,15535.094371997253,.
Shanxi-EP_Coal_300_DRY-ep-226,2015,868745.5490734385,16707.204873026767,.
Shanxi-EP_Coal_300_DRY-ep-227,2015,868745.5490734385,16707.204873026767,.
Shanxi-EP_Coal_300_DRY-ep-228,2015,868745.5490734385,16707.204873026767,.
Shanxi-EP_Coal_300_DRY-ep-229,2015,868745.5490734385,16707.204873026767,.
Shanxi-EP_Coal_300_DRY-ep-232,2015,868745.5490734385,16707.204873026767,.
Shanxi-EP_Coal_300_DRY-ep-233,2015,868745.5490734385,16707.204873026767,.
Shanxi-EP_Coal_300_DRY-ep-240,2014,868745.5490734385,16707.204873026767,.
Shanxi-EP_Coal_300_DRY-ep-241,2014,868745.5490734385,16707.204873026767,.
Shanxi-EP_Coal_300_DRY-ep-242,2011,868745.5490734385,16707.204873026767,.
Shanxi-EP_Coal_300_DRY-ep-243,2011,868745.5490734385,16707.204873026767,.
Shanxi-EP_Coal_300_DRY-ep-244,2014,868745.5490734385,16707.204873026767,.
Shanxi-EP_Coal_300_DRY-ep-245,2014,868745.5490734385,16707.204873026767,.
Shanxi-EP_Coal_300_DRY-ep-246,2010,868745.5490734385,16707.204873026767,.
Shanxi-EP_Coal_300_DRY-ep-247,2009,868745.5490734385,16707.204873026767,.
Shanxi-EP_Coal_300_DRY-ep-248,2012,868745.5490734385,16707.204873026767,.
Shanxi-EP_Coal_300_DRY-ep-249,2012,868745.5490734385,16707.204873026767,.
Shanxi-EP_Coal_300_DRY-ep-250,2009,868745.5490734385,16707.204873026767,.
Shanxi-EP_Coal_300_DRY-ep-251,2009,868745.5490734385,16707.204873026767,.
Shanxi-EP_Coal_300_DRY-ep-252,2009,868745.5490734385,16707.204873026767,.
Shanxi-EP_Coal_300_DRY-ep-253,2009,868745.5490734385,16707.204873026767,.
Shanxi-EP_Coal_300_DRY-ep-258,2004,868745.5490734385,16707.204873026767,.
Shanxi-EP_Coal_300_DRY-ep-259,2004,868745.5490734385,16707.204873026767,.
Shanxi-EP_Coal_300_DRY-ep-260,2004,868745.5490734385,16707.204873026767,.
Shanxi-EP_Coal_300_DRY-ep-261,2004,868745.5490734385,16707.204873026767,.
Shanxi-EP_Coal_300_DRY-ep-262,2012,868745.5490734385,16707.204873026767,.
Shanxi-EP_Coal_300_DRY-ep-263,2012,868745.5490734385,16707.204873026767,.
Shanxi-EP_Coal_300_DRY-ep-264,2005,868745.5490734385,16707.204873026767,.
Shanxi-EP_Coal_300_DRY-ep-265,2005,868745.5490734385,16707.204873026767,.
Shanxi-EP_Coal_300_DRY-ep-266,2012,868745.5490734385,16707.204873026767,.
Shanxi-EP_Coal_300_DRY-ep-267,2011,868745.5490734385,16707.204873026767,.
Shanxi-EP_Coal_300_DRY-ep-270,2007,868745.5490734385,16707.204873026767,.
Shanxi-EP_Coal_300_DRY-ep-271,2006,868745.5490734385,16707.204873026767,.
Shanxi-EP_Coal_300_DRY-ep-272,2011,868745.5490734385,16707.204873026767,.
Shanxi-EP_Coal_300_DRY-ep-273,2010,868745.5490734385,16707.204873026767,.
Shanxi-EP_Coal_300_DRY-ep-274,2015,868745.5490734385,16707.204873026767,.
Shanxi-EP_Coal_300_DRY-ep-275,2015,868745.5490734385,16707.204873026767,.
Shanxi-EP_Coal_300_DRY-ep-276,2015,868745.5490734385,16707.204873026767,.
Shanxi-EP_Coal_300_DRY-ep-277,2012,868745.5490734385,16707.204873026767,.
Shanxi-EP_Coal_300_DRY-ep-278,2011,868745.5490734385,16707.204873026767,.
Shanxi-EP_Coal_300_DRY-ep-279,2010,868745.5490734385,16707.204873026767,.
Shanxi-EP_Coal_300_DRY-ep-280,2010,868745.5490734385,16707.204873026767,.
Shanxi-EP_Coal_300_DRY-ep-281,2005,868745.5490734385,16707.204873026767,.
Shanxi-EP_Coal_300_DRY-ep-282,2005,868745.5490734385,16707.204873026767,.
Shanxi-EP_Coal_300_DRY-ep-283,2006,868745.5490734385,16707.204873026767,.
Shanxi-EP_Coal_300_DRY-ep-284,2006,868745.5490734385,16707.204873026767,.
Shanxi-EP_Coal_300_DRY-ep-285,2005,868745.5490734385,16707.204873026767,.
Shanxi-EP_Coal_300_DRY-ep-286,2005,868745.5490734385,16707.204873026767,.
Shanxi-EP_Coal_300_DRY-ep-287,2014,868745.5490734385,16707.204873026767,.
Shanxi-EP_Coal_300_DRY-ep-288,2014,868745.5490734385,16707.204873026767,.
Shanxi-EP_Coal_300_DRY-ep-289,2013,868745.5490734385,16707.204873026767,.
Shanxi-EP_Coal_300_DRY-ep-290,2010,868745.5490734385,16707.204873026767,.
Shanxi-EP_Coal_300_DRY-ep-293,2011,868745.5490734385,16707.204873026767,.
Shanxi-EP_Coal_300_DRY-ep-294,2011,868745.5490734385,16707.204873026767,.
Shanxi-EP_Coal_300_DRY-ep-3019,2017,868745.5490734385,16707.204873026767,.
Shanxi-EP_Coal_300_DRY-ep-3020,2017,868745.5490734385,16707.204873026767,.
Shanxi-EP_Coal_300_DRY-ep-3021,2017,868745.5490734385,16707.204873026767,.
Shanxi-EP_Coal_300_OT-ep-291,1992,831400.7326698696,15988.85724090597,.
Shanxi-EP_Coal_300_OT-ep-292,1991,831400.7326698696,15988.85724090597,.
Shanxi-EP_Coal_300_RC-ep-230,2000,831400.7326698696,15988.85724090597,.
Shanxi-EP_Coal_300_RC-ep-231,2000,831400.7326698696,15988.85724090597,.
Shanxi-EP_Coal_300_RC-ep-234,2001,831400.7326698696,15988.85724090597,.
Shanxi-EP_Coal_300_RC-ep-235,2002,831400.7326698696,15988.85724090597,.
Shanxi-EP_Coal_300_RC-ep-236,2001,831400.7326698696,15988.85724090597,.
Shanxi-EP_Coal_300_RC-ep-237,2001,831400.7326698696,15988.85724090597,.
Shanxi-EP_Coal_300_RC-ep-238,2001,831400.7326698696,15988.85724090597,.
Shanxi-EP_Coal_300_RC-ep-239,2001,831400.7326698696,15988.85724090597,.
Shanxi-EP_Coal_300_RC-ep-254,1999,831400.7326698696,15988.85724090597,.
Shanxi-EP_Coal_300_RC-ep-255,1998,831400.7326698696,15988.85724090597,.
Shanxi-EP_Coal_300_RC-ep-256,1997,831400.7326698696,15988.85724090597,.
Shanxi-EP_Coal_300_RC-ep-257,1996,831400.7326698696,15988.85724090597,.
Shanxi-EP_Coal_300_RC-ep-268,1999,831400.7326698696,15988.85724090597,.
Shanxi-EP_Coal_300_RC-ep-269,1998,831400.7326698696,15988.85724090597,.
Shanxi-EP_Coal_600_DRY-ep-185,2009,828052.4124914206,15195.102951269731,.
Shanxi-EP_Coal_600_DRY-ep-186,2009,828052.4124914206,15195.102951269731,.
Shanxi-EP_Coal_600_DRY-ep-187,2010,828052.4124914206,15195.102951269731,.
Shanxi-EP_Coal_600_DRY-ep-188,2010,828052.4124914206,15195.102951269731,.
Shanxi-EP_Coal_600_DRY-ep-190,2013,828052.4124914206,15195.102951269731,.
Shanxi-EP_Coal_600_DRY-ep-191,2013,828052.4124914206,15195.102951269731,.
Shanxi-EP_Coal_600_DRY-ep-192,2005,828052.4124914206,15195.102951269731,.
Shanxi-EP_Coal_600_DRY-ep-193,2005,828052.4124914206,15195.102951269731,.
Shanxi-EP_Coal_600_DRY-ep-194,2008,828052.4124914206,15195.102951269731,.
Shanxi-EP_Coal_600_DRY-ep-195,2008,828052.4124914206,15195.102951269731,.
Shanxi-EP_Coal_600_DRY-ep-196,2012,828052.4124914206,15195.102951269731,.
Shanxi-EP_Coal_600_DRY-ep-197,2011,828052.4124914206,15195.102951269731,.
Shanxi-EP_Coal_600_DRY-ep-200,2008,828052.4124914206,15195.102951269731,.
Shanxi-EP_Coal_600_DRY-ep-201,2008,828052.4124914206,15195.102951269731,.
Shanxi-EP_Coal_600_DRY-ep-202,2007,828052.4124914206,15195.102951269731,.
Shanxi-EP_Coal_600_DRY-ep-203,2006,828052.4124914206,15195.102951269731,.
Shanxi-EP_Coal_600_DRY-ep-206,2008,828052.4124914206,15195.102951269731,.
Shanxi-EP_Coal_600_DRY-ep-207,2007,828052.4124914206,15195.102951269731,.
Shanxi-EP_Coal_600_DRY-ep-208,2012,828052.4124914206,15195.102951269731,.
Shanxi-EP_Coal_600_DRY-ep-209,2011,828052.4124914206,15195.102951269731,.
Shanxi-EP_Coal_600_DRY-ep-212,2012,828052.4124914206,15195.102951269731,.
Shanxi-EP_Coal_600_DRY-ep-213,2012,828052.4124914206,15195.102951269731,.
Shanxi-EP_Coal_600_DRY-ep-214,2011,828052.4124914206,15195.102951269731,.
Shanxi-EP_Coal_600_DRY-ep-215,2011,828052.4124914206,15195.102951269731,.
Shanxi-EP_Coal_600_DRY-ep-216,2009,828052.4124914206,15195.102951269731,.
Shanxi-EP_Coal_600_DRY-ep-217,2009,828052.4124914206,15195.102951269731,.
Shanxi-EP_Coal_600_DRY-ep-218,2007,828052.4124914206,15195.102951269731,.
Shanxi-EP_Coal_600_DRY-ep-219,2007,828052.4124914206,15195.102951269731,.
Shanxi-EP_Coal_600_DRY-ep-3022,2017,828052.4124914206,15195.102951269731,.
Shanxi-EP_Coal_600_DRY-ep-3023,2017,828052.4124914206,15195.102951269731,.
Shanxi-EP_Coal_600_DRY-ep-3024,2017,828052.4124914206,15195.102951269731,.
Shanxi-EP_Coal_600_DRY-ep-3025,2017,828052.4124914206,15195.102951269731,.
Shanxi-EP_Coal_600_RC-ep-198,2006,758016.8256691832,13909.221002059025,.
Shanxi-EP_Coal_600_RC-ep-199,2006,758016.8256691832,13909.221002059025,.
Shanxi-EP_Coal_600_RC-ep-204,2005,758016.8256691832,13909.221002059025,.
Shanxi-EP_Coal_600_RC-ep-205,2004,758016.8256691832,13909.221002059025,.
Shanxi-EP_Coal_600_RC-ep-210,2007,758016.8256691832,13909.221002059025,.
Shanxi-EP_Coal_600_RC-ep-211,2007,758016.8256691832,13909.221002059025,.
Shanxi-EP_Coal_600_RC-ep-220,1993,758016.8256691832,13909.221002059025,.
Shanxi-EP_Coal_600_RC-ep-221,1992,758016.8256691832,13909.221002059025,.
Shanxi-EP_Coal_600_RC-ep-222,2005,758016.8256691832,13909.221002059025,.
Shanxi-EP_Coal_600_RC-ep-223,2005,758016.8256691832,13909.221002059025,.
Shanxi-EP_Gas_CCGT_RC-ep-182,1990,880538.0919698009,16933.424845573096,.
Shanxi-EP_Gas_CCGT_RC-ep-183,2015,880538.0919698009,16933.424845573096,.
Shanxi-EP_Gas_CCGT_RC-ep-340,1990,880538.0919698009,16933.424845573096,.
Shanxi-Gas_CCGT_RC-11367,2023,880538.0919698009,8466.712422786548,.
Shanxi-Gas_CCGT_RC-11367,2028,880538.0919698009,8466.712422786548,.
Shanxi-Gas_CCGT_RC-11367,2033,880538.0919698009,8466.712422786548,.
Shanxi-Gas_CCGT_RC-11367,2038,880538.0919698009,8466.712422786548,.
Shanxi-Gas_CCGT_RC-11367,2043,880538.0919698009,8466.712422786548,.
Shanxi-Gas_CCGT_RC-11367,2048,880538.0919698009,8466.712422786548,.
Shanxi-Gas_CCGT_RC-11383,2023,880538.0919698009,8466.712422786548,.
Shanxi-Gas_CCGT_RC-11383,2028,880538.0919698009,8466.712422786548,.
Shanxi-Gas_CCGT_RC-11383,2033,880538.0919698009,8466.712422786548,.
Shanxi-Gas_CCGT_RC-11383,2038,880538.0919698009,8466.712422786548,.
Shanxi-Gas_CCGT_RC-11383,2043,880538.0919698009,8466.712422786548,.
Shanxi-Gas_CCGT_RC-11383,2048,880538.0919698009,8466.712422786548,.
Shanxi-Gas_CCGT_RC-11399,2023,880538.0919698009,8466.712422786548,.
Shanxi-Gas_CCGT_RC-11399,2028,880538.0919698009,8466.712422786548,.
Shanxi-Gas_CCGT_RC-11399,2033,880538.0919698009,8466.712422786548,.
Shanxi-Gas_CCGT_RC-11399,2038,880538.0919698009,8466.712422786548,.
Shanxi-Gas_CCGT_RC-11399,2043,880538.0919698009,8466.712422786548,.
Shanxi-Gas_CCGT_RC-11399,2048,880538.0919698009,8466.712422786548,.
Shanxi-Gas_CCGT_RC-11415,2023,880538.0919698009,8466.712422786548,.
Shanxi-Gas_CCGT_RC-11415,2028,880538.0919698009,8466.712422786548,.
Shanxi-Gas_CCGT_RC-11415,2033,880538.0919698009,8466.712422786548,.
Shanxi-Gas_CCGT_RC-11415,2038,880538.0919698009,8466.712422786548,.
Shanxi-Gas_CCGT_RC-11415,2043,880538.0919698009,8466.712422786548,.
Shanxi-Gas_CCGT_RC-11415,2048,880538.0919698009,8466.712422786548,.
Shanxi-Gas_CCGT_RC-11431,2023,880538.0919698009,8466.712422786548,.
Shanxi-Gas_CCGT_RC-11431,2028,880538.0919698009,8466.712422786548,.
Shanxi-Gas_CCGT_RC-11431,2033,880538.0919698009,8466.712422786548,.
Shanxi-Gas_CCGT_RC-11431,2038,880538.0919698009,8466.712422786548,.
Shanxi-Gas_CCGT_RC-11431,2043,880538.0919698009,8466.712422786548,.
Shanxi-Gas_CCGT_RC-11431,2048,880538.0919698009,8466.712422786548,.
Shanxi-Gas_Combustion_Turbine_RC-13243,2023,640748.8898421413,6160.856211393273,.
Shanxi-Gas_Combustion_Turbine_RC-13243,2028,640748.8898421413,6160.856211393273,.
Shanxi-Gas_Combustion_Turbine_RC-13243,2033,640748.8898421413,6160.856211393273,.
Shanxi-Gas_Combustion_Turbine_RC-13243,2038,640748.8898421413,6160.856211393273,.
Shanxi-Gas_Combustion_Turbine_RC-13243,2043,640748.8898421413,6160.856211393273,.
Shanxi-Gas_Combustion_Turbine_RC-13243,2048,640748.8898421413,6160.856211393273,.
Shanxi-Hydro_NonPumped-ep-30024,1981,1775731.533973919,4365.648592999313,.
Shanxi-Hydro_NonPumped-ep-30055,1982,1775731.533973919,4365.648592999313,.
Shanxi-Hydro_NonPumped-ep-30086,1983,1775731.533973919,4365.648592999313,.
Shanxi-Hydro_NonPumped-ep-30117,1984,1775731.533973919,4365.648592999313,.
Shanxi-Hydro_NonPumped-ep-30148,1985,1775731.533973919,4365.648592999313,.
Shanxi-Hydro_NonPumped-ep-30179,1986,1775731.533973919,4365.648592999313,.
Shanxi-Hydro_NonPumped-ep-30210,1987,1775731.533973919,4365.648592999313,.
Shanxi-Hydro_NonPumped-ep-30241,1988,1775731.533973919,4365.648592999313,.
Shanxi-Hydro_NonPumped-ep-30272,1989,1775731.533973919,4365.648592999313,.
Shanxi-Hydro_NonPumped-ep-30303,1990,1775731.533973919,4365.648592999313,.
Shanxi-Hydro_NonPumped-ep-30334,1991,1775731.533973919,4365.648592999313,.
Shanxi-Hydro_NonPumped-ep-30365,1992,1775731.533973919,4365.648592999313,.
Shanxi-Hydro_NonPumped-ep-30396,1993,1775731.533973919,4365.648592999313,.
Shanxi-Hydro_NonPumped-ep-30427,1994,1775731.533973919,4365.648592999313,.
Shanxi-Hydro_NonPumped-ep-30458,1995,1775731.533973919,4365.648592999313,.
Shanxi-Hydro_NonPumped-ep-30489,1996,1775731.533973919,4365.648592999313,.
Shanxi-Hydro_NonPumped-ep-30520,1997,1775731.533973919,4365.648592999313,.
Shanxi-Hydro_NonPumped-ep-30551,1998,1775731.533973919,4365.648592999313,.
Shanxi-Hydro_NonPumped-ep-30576,1999,1775731.533973919,4365.648592999313,.
Shanxi-Hydro_NonPumped-ep-30599,2000,1775731.533973919,4365.648592999313,.
Shanxi-Hydro_NonPumped-ep-30762,2006,1775731.533973919,4365.648592999313,.
Shanxi-Hydro_NonPumped-ep-30832,2009,1775731.533973919,4365.648592999313,.
Shanxi-Hydro_NonPumped-ep-30851,2010,1775731.533973919,4365.648592999313,.
Shanxi-Hydro_NonPumped-ep-30861,2011,1775731.533973919,4365.648592999313,.
Shanxi-Hydro_NonPumped-ep-30891,2013,1775731.533973919,4365.648592999313,.
Shanxi-Hydro_NonPumped-ep-30910,2015,1775731.533973919,4365.648592999313,.
Shanxi-Hydro_NonPumped-ep-30943,2016,1775731.533973919,4365.648592999313,.
Shanxi-Hydro_NonPumped-ep-30963,2017,1775731.533973919,4365.648592999313,.
Shanxi-Hydro_Pumped-ep-35003,2010,1452871.9766643788,3571.8943033630744,0.0
Shanxi-Hydro_Pumped-ep-35029,2008,1452871.9766643788,3571.8943033630744,0.0
Shanxi-Nuclear_SMR-13242,2023,5337076.842827728,47625.25737817433,.
Shanxi-Nuclear_SMR-13242,2028,5337076.842827728,47625.25737817433,.
Shanxi-Nuclear_SMR-13242,2033,5337076.842827728,47625.25737817433,.
Shanxi-Nuclear_SMR-13242,2038,5337076.842827728,47625.25737817433,.
Shanxi-Nuclear_SMR-13242,2043,5337076.842827728,47625.25737817433,.
Shanxi-Nuclear_SMR-13242,2048,5337076.842827728,47625.25737817433,.
Shanxi-Residential_PV-310,2023,3041324.6931350534,32232.164735887323,.
Shanxi-Residential_PV-310,2028,2477210.866031543,26859.638715034074,.
Shanxi-Residential_PV-310,2033,1913097.0389280336,21487.112694180825,.
Shanxi-Residential_PV-310,2038,1589386.077952011,18404.14348208248,.
Shanxi-Residential_PV-310,2043,1425943.694394312,16847.545475820716,.
Shanxi-Residential_PV-310,2048,1262501.310836613,15290.94746955895,.
Shanxi-Residential_PV-311,2023,3041324.6931350534,32232.164735887323,.
Shanxi-Residential_PV-311,2028,2477210.866031543,26859.638715034074,.
Shanxi-Residential_PV-311,2033,1913097.0389280336,21487.112694180825,.
Shanxi-Residential_PV-311,2038,1589386.077952011,18404.14348208248,.
Shanxi-Residential_PV-311,2043,1425943.694394312,16847.545475820716,.
Shanxi-Residential_PV-311,2048,1262501.310836613,15290.94746955895,.
Shanxi-Residential_PV-312,2023,3041324.6931350534,32232.164735887323,.
Shanxi-Residential_PV-312,2028,2477210.866031543,26859.638715034074,.
Shanxi-Residential_PV-312,2033,1913097.0389280336,21487.112694180825,.
Shanxi-Residential_PV-312,2038,1589386.077952011,18404.14348208248,.
Shanxi-Residential_PV-312,2043,1425943.694394312,16847.545475820716,.
Shanxi-Residential_PV-312,2048,1262501.310836613,15290.94746955895,.
Shanxi-Residential_PV-313,2023,3041324.6931350534,32232.164735887323,.
Shanxi-Residential_PV-313,2028,2477210.866031543,26859.638715034074,.
Shanxi-Residential_PV-313,2033,1913097.0389280336,21487.112694180825,.
Shanxi-Residential_PV-313,2038,1589386.077952011,18404.14348208248,.
Shanxi-Residential_PV-313,2043,1425943.694394312,16847.545475820716,.
Shanxi-Residential_PV-313,2048,1262501.310836613,15290.94746955895,.
Shanxi-Residential_PV-314,2023,3041324.6931350534,32232.164735887323,.
Shanxi-Residential_PV-314,2028,2477210.866031543,26859.638715034074,.
Shanxi-Residential_PV-314,2033,1913097.0389280336,21487.112694180825,.
Shanxi-Residential_PV-314,2038,1589386.077952011,18404.14348208248,.
Shanxi-Residential_PV-314,2043,1425943.694394312,16847.545475820716,.
Shanxi-Residential_PV-314,2048,1262501.310836613,15290.94746955895,.
Shanxi-Wind-1120,2023,1548885.202665192,31643.392559688986,.
Shanxi-Wind-1120,2028,1281432.5374791732,29681.28817323705,.
Shanxi-Wind-1120,2033,1194418.365822961,28302.46390893948,.
Shanxi-Wind-1120,2038,1133824.6927220428,27312.49305941144,.
Shanxi-Wind-1120,2043,1073231.0196211245,26322.5222098834,.
Shanxi-Wind-1120,2048,1012637.3465202048,25332.551360355355,.
Shanxi-Wind-1122,2023,1548885.202665192,31643.392559688986,.
Shanxi-Wind-1122,2028,1281432.5374791732,29681.28817323705,.
Shanxi-Wind-1122,2033,1194418.365822961,28302.46390893948,.
Shanxi-Wind-1122,2038,1133824.6927220428,27312.49305941144,.
Shanxi-Wind-1122,2043,1073231.0196211245,26322.5222098834,.
Shanxi-Wind-1122,2048,1012637.3465202048,25332.551360355355,.
Shanxi-Wind-1125,2023,1548885.202665192,31643.392559688986,.
Shanxi-Wind-1125,2028,1281432.5374791732,29681.28817323705,.
Shanxi-Wind-1125,2033,1194418.365822961,28302.46390893948,.
Shanxi-Wind-1125,2038,1133824.6927220428,27312.49305941144,.
Shanxi-Wind-1125,2043,1073231.0196211245,26322.5222098834,.
Shanxi-Wind-1125,2048,1012637.3465202048,25332.551360355355,.
Shanxi-Wind-1160,2023,1548885.202665192,31643.392559688986,.
Shanxi-Wind-1160,2028,1281432.5374791732,29681.28817323705,.
Shanxi-Wind-1160,2033,1194418.365822961,28302.46390893948,.
Shanxi-Wind-1160,2038,1133824.6927220428,27312.49305941144,.
Shanxi-Wind-1160,2043,1073231.0196211245,26322.5222098834,.
Shanxi-Wind-1160,2048,1012637.3465202048,25332.551360355355,.
Shanxi-Wind-1165,2023,1548885.202665192,31643.392559688986,.
Shanxi-Wind-1165,2028,1281432.5374791732,29681.28817323705,.
Shanxi-Wind-1165,2033,1194418.365822961,28302.46390893948,.
Shanxi-Wind-1165,2038,1133824.6927220428,27312.49305941144,.
Shanxi-Wind-1165,2043,1073231.0196211245,26322.5222098834,.
Shanxi-Wind-1165,2048,1012637.3465202048,25332.551360355355,.
Shanxi-Wind-1175,2023,1548885.202665192,31643.392559688986,.
Shanxi-Wind-1175,2028,1281432.5374791732,29681.28817323705,.
Shanxi-Wind-1175,2033,1194418.365822961,28302.46390893948,.
Shanxi-Wind-1175,2038,1133824.6927220428,27312.49305941144,.
Shanxi-Wind-1175,2043,1073231.0196211245,26322.5222098834,.
Shanxi-Wind-1175,2048,1012637.3465202048,25332.551360355355,.
Shanxi-Wind-1178,2023,1548885.202665192,31643.392559688986,.
Shanxi-Wind-1178,2028,1281432.5374791732,29681.28817323705,.
Shanxi-Wind-1178,2033,1194418.365822961,28302.46390893948,.
Shanxi-Wind-1178,2038,1133824.6927220428,27312.49305941144,.
Shanxi-Wind-1178,2043,1073231.0196211245,26322.5222098834,.
Shanxi-Wind-1178,2048,1012637.3465202048,25332.551360355355,.
Shanxi-Wind-1179,2023,1548885.202665192,31643.392559688986,.
Shanxi-Wind-1179,2028,1281432.5374791732,29681.28817323705,.
Shanxi-Wind-1179,2033,1194418.365822961,28302.46390893948,.
Shanxi-Wind-1179,2038,1133824.6927220428,27312.49305941144,.
Shanxi-Wind-1179,2043,1073231.0196211245,26322.5222098834,.
Shanxi-Wind-1179,2048,1012637.3465202048,25332.551360355355,.
Shanxi-Wind_EP-ep-40059,2009,1593858.6135895676,15875.085792724776,.
Shanxi-Wind_EP-ep-40063,2010,1593858.6135895676,15875.085792724776,.
Shanxi-Wind_EP-ep-40071,2011,1593858.6135895676,15875.085792724776,.
Shanxi-Wind_EP-ep-40097,2012,1593858.6135895676,15875.085792724776,.
Shanxi-Wind_EP-ep-40125,2013,1593858.6135895676,15875.085792724776,.
Shanxi-Wind_EP-ep-40152,2014,1593858.6135895676,15875.085792724776,.
Shanxi-Wind_EP-ep-40180,2015,1593858.6135895676,15875.085792724776,.
Shanxi-Wind_EP-ep-40208,2016,1593858.6135895676,15875.085792724776,.
Shanxi-Wind_EP-ep-40233,2017,1593858.6135895676,15875.085792724776,.
Shanxi_Fuel_Cell,2023,441993.03135888505,20368.3424589348,.
Shanxi_Fuel_Cell,2028,441993.03135888505,20368.3424589348,.
Shanxi_Fuel_Cell,2033,441993.03135888505,20368.3424589348,.
Shanxi_Fuel_Cell,2038,441993.03135888505,20368.3424589348,.
Shanxi_Fuel_Cell,2043,441993.03135888505,20368.3424589348,.
Shanxi_Fuel_Cell,2048,441993.03135888505,20368.3424589348,.
